ID,BAT_NAME,CTP_NAME,RA_hms,Dec_dms,z,logLx,Type,logNH,F70_mJy,eF70_mJy,F70_flag,F100_mJy,eF100_mJy,F100_flag,F160_mJy,eF160_mJy,F160_flag,F250_mJy,eF250_mJy,F250_flag,F350_mJy,eF350_mJy,F350_flag,F500_mJy,eF500_mJy,F500_flag
1,SWIFT J0900.9+2095,2MASX J09003684+2053402,09:00:36.864,+20:53:40.560,0.235,45.1,Sy2,,71.62,3.79,HPDP,53.98,4.19,HPDP,39.61,10.07,HPDP,0.0,0.0,N/A,0.0,0.0,N/A,0.0,0.0,N/A
2,SWIFT J0508.1+1727,2MASXJ05081967+1721483,05:08:19.680,+17:21:46.800,0.017,43.2,Sy1.9,22.33,2265.97,157.88,HPDP,3105.46,221.24,HPDP,3313.94,127.05,HPDP,0.0,0.0,N/A,0.0,0.0,N/A,0.0,0.0,N/A
3,SWIFT J0516.2-0009,Ark120,05:16:11.424,-00:08:59.280,0.032,44.2,Sy1,20.0,627.83,16.89,HPDP,0.0,0.0,N/A,1012.0,194.93,HPDP,565.99,28.3,Ext.,315.76,30.98,Ext.,108.7,13.9,HPDP
4,SWIFT J0138.6-4001,ESO297-18,01:38:37.152,-40:00:41.040,0.025,43.9,Sy2,23.83,668.01,37.27,Ext.,0.0,0.0,N/A,1939.47,79.6,Ext.,1280.13,45.99,Ext.,680.99,37.55,Ext.,232.99,20.87,Ext.
5,SWIFT J1306.4-4025A,ESO323-77,13:06:26.136,-40:24:52.560,0.015,43.1,Sy1.5,22.81,6814.31,127.0,HPDP,0.0,0.0,N/A,7087.19,244.47,HPDP,2857.6,45.0,HPDP,1135.6,42.94,Ext.,398.1,25.5,HPDP
6,SWIFT J0623.8-3215,ESO426-2,06:23:46.416,-32:12:59.760,0.022,43.4,Sy2,23.95,333.64,84.13,Ext.,0.0,0.0,N/A,0.0,0.0,N/A,496.83,43.64,Ext.,277.59,34.67,Ext.,0.0,0.0,N/A
7,SWIFT J0601.9-8636,ESO5-4,06:05:41.640,-86:37:54.840,0.006,42.4,Sy2,24.18,8882.76,277.08,Ext.,0.0,0.0,N/A,22291.49,694.52,Ext.,11297.73,341.64,Ext.,5104.31,159.47,Ext.,1986.71,68.13,Ext.
8,SWIFT J1238.9-2720,ESO506-27,12:38:54.600,-27:18:28.080,0.025,44.1,Sy2,23.95,657.55,104.09,Ext.,0.0,0.0,N/A,1781.32,168.65,Ext.,1117.38,44.04,Ext.,493.27,28.76,Ext.,183.68,19.49,Ext.
9,SWIFT J1419.0-2639,ESO511-30,14:19:22.416,-26:38:40.920,0.022,43.6,Sy1,20.0,682.82,136.33,Ext.,0.0,0.0,N/A,2420.86,139.17,Ext.,1883.65,74.6,Ext.,1141.32,51.43,Ext.,408.69,39.05,Ext.
10,SWIFT J0342.0-2115,ESO548-81,03:42:03.720,-21:14:39.840,0.014,43.2,Sy1.9,20.0,823.61,41.3,Ext.,0.0,0.0,N/A,1837.96,97.67,Ext.,790.15,31.8,Ext.,307.1,22.2,HPDP,115.4,24.5,HPDP
11,SWIFT J0402.4-1807,ESO549-49,04:02:25.680,-18:02:52.800,0.026,43.5,Sy1.9,22.48,3182.12,104.56,Ext.,0.0,0.0,N/A,4263.46,233.01,HPDP,1784.0,24.3,HPDP,753.4,23.5,HPDP,275.2,18.3,HPDP
12,SWIFT J1013.5-3601,Fairall1149,10:13:19.920,-35:58:57.720,0.028,43.6,Sy2,23.71,277.26,11.08,HPDP,0.0,0.0,N/A,571.31,85.98,Ext.,381.41,38.07,Ext.,225.8,26.85,Ext.,79.78,18.2,Ext.
13,SWIFT J1836.9-5924,Fairall49,18:36:58.296,-59:24:08.640,0.02,43.1,Sy1.9,22.03,3342.46,57.86,HPDP,0.0,0.0,N/A,2416.31,200.47,HPDP,911.4,16.8,HPDP,362.8,16.7,HPDP,115.7,12.5,HPDP
14,SWIFT J1844.5-6221,Fairall51,18:44:53.976,-62:21:53.280,0.014,43.2,Sy1.5,20.0,1978.48,37.49,HPDP,0.0,0.0,N/A,1850.87,275.21,Ext.,1095.25,48.77,Ext.,560.72,41.35,Ext.,188.38,26.96,Ext.
15,SWIFT J0123.9-5846,Fairall9,01:23:45.792,-58:48:20.520,0.047,44.4,Sy1.2,20.0,537.0,13.43,HPDP,0.0,0.0,N/A,602.51,76.62,Ext.,222.0,13.8,HPDP,134.91,19.84,Ext.,0.0,0.0,N/A
16,SWIFT J1419.0-1323,HB89_1416-129,14:19:03.816,-13:10:44.760,0.128,44.7,Sy1.2,,48.4,3.63,HPDP,52.6,4.83,HPDP,39.04,10.55,HPDP,0.0,0.0,N/A,0.0,0.0,N/A,0.0,0.0,N/A
17,SWIFT J1614.1+2606,HB89_1612+261,16:14:13.200,+26:04:16.320,0.131,44.6,Sy1.5,,217.36,5.77,HPDP,226.9,6.85,HPDP,193.42,13.73,HPDP,99.6,14.5,HPDP,0.0,0.0,N/A,0.0,0.0,N/A
18,SWIFT J1145.6-1819,HE1143-1810,11:45:40.464,-18:27:15.480,0.032,44.0,Sy1.2,20.0,247.09,23.45,Ext.,0.0,0.0,N/A,323.0,40.2,Ext.,196.82,34.72,Ext.,88.8,24.06,Ext.,0.0,0.0,N/A
19,SWIFT J1313.1-1108,HE1310-1051,13:13:05.784,-11:07:42.240,0.034,43.5,Sy1.5,20.0,95.44,4.74,HPDP,115.19,5.92,HPDP,115.86,11.25,HPDP,60.81,13.6,Ext.,0.0,0.0,N/A,0.0,0.0,N/A
20,SWIFT J0231.6-3645,IC1816,02:31:51.000,-36:40:19.560,0.017,43.1,Sy1.8,23.87,1473.32,53.34,Ext.,0.0,0.0,N/A,2234.25,90.97,Ext.,1025.57,37.35,Ext.,408.32,20.63,Ext.,155.7,15.9,HPDP
21,SWIFT J1349.3-3018,IC4329A,13:49:19.272,-30:18:33.840,0.016,44.1,Sy1.5,21.52,1757.69,29.94,HPDP,0.0,0.0,N/A,1111.43,86.03,Ext.,466.46,32.8,Ext.,148.0,19.8,HPDP,76.02,14.48,Ext.
22,SWIFT J1457.8-4308,IC4518A,14:57:41.184,-43:07:55.560,0.016,43.1,Sy2,23.36,5018.5,99.12,HPDP,5459.2,172.0,HPDP,4524.83,329.64,HPDP,1778.1,534.4,HPDP,0.0,0.0,N/A,0.0,0.0,N/A
23,SWIFT J0800.1+2638,IC486,08:00:20.976,+26:36:48.600,0.026,43.7,Sy1.9,22.06,873.45,18.01,HPDP,0.0,0.0,N/A,1322.29,78.88,Ext.,699.88,32.56,Ext.,316.02,24.43,Ext.,141.82,19.92,Ext.
24,SWIFT J2052.0-5704,IC5063,20:52:02.352,-57:04:07.680,0.011,43.2,Sy2,23.56,4350.88,98.47,HPDP,3675.55,117.41,Ext.,3630.35,127.94,Ext.,2082.23,72.82,Ext.,1013.02,41.93,Ext.,365.3,36.01,Ext.
25,SWIFT J0521.0-2522,IRAS05189-2524,05:21:01.464,-25:21:45.360,0.042,43.6,Sy2,22.92,13631.51,199.1,HPDP,11462.73,200.76,HPDP,6163.15,80.09,HPDP,2132.5,24.0,HPDP,775.8,21.3,HPDP,234.2,16.3,HPDP
26,SWIFT J2325.5-3827,IRAS23226-3843,23:25:24.192,-38:26:49.200,0.035,43.6,Sy2,20.0,594.61,18.09,HPDP,0.0,0.0,N/A,1209.42,217.01,HPDP,566.8,27.56,Ext.,242.63,20.17,Ext.,84.7,15.2,HPDP
27,SWIFT J0524.1-1210,LEDA17233,05:24:06.936,-12:10:08.760,0.049,44.0,Sy1.5,20.0,346.95,9.28,HPDP,0.0,0.0,N/A,257.33,210.89,HPDP,101.2,21.3,HPDP,0.0,0.0,N/A,0.0,0.0,N/A
28,SWIFT J0911.2+4533,LEDA2265450,09:11:29.976,+45:28:05.880,0.026,43.4,Sy2,23.52,391.6,9.14,HPDP,0.0,0.0,N/A,453.2,179.41,HPDP,192.0,13.2,HPDP,63.5,10.8,HPDP,0.0,0.0,N/A
29,SWIFT J2123.6+2506,LEDA66688,21:23:44.592,+25:04:27.120,0.101,44.6,Sy1.9,23.01,0.0,0.0,N/A,342.02,8.18,HPDP,239.11,9.81,HPDP,116.4,11.0,HPDP,0.0,0.0,N/A,0.0,0.0,N/A
30,SWIFT J2028.5+2543,MCG +04-48-002,20:28:35.064,+25:43:59.880,0.013,43.5,Sy2,,9487.38,285.88,Ext.,13327.03,402.08,Ext.,11081.33,235.38,HPDP,4021.8,51.9,HPDP,1566.1,49.6,HPDP,537.9,35.2,HPDP
31,SWIFT J1303.8+5345,MCG+9-21-96,13:03:59.472,+53:47:30.120,0.029,43.8,Sy1.5,20.0,55.07,9.92,HPDP,0.0,0.0,N/A,82.79,25.63,Ext.,79.2,13.9,HPDP,49.4,14.0,HPDP,0.0,0.0,N/A
32,SWIFT J0920.8-0805,MCG-1-24-12,09:20:46.248,-08:03:21.960,0.019,43.6,Sy2,22.81,583.45,15.59,HPDP,0.0,0.0,N/A,993.48,88.24,Ext.,687.73,51.2,Ext.,433.11,26.51,Ext.,135.67,17.34,Ext.
33,SWIFT J0438.2-1048,MCG-2-12-50,04:38:14.184,-10:47:45.240,0.036,43.7,Sy1.2,20.9,617.45,39.98,Ext.,0.0,0.0,N/A,1542.92,94.47,Ext.,817.48,39.88,Ext.,351.21,26.31,Ext.,150.5,17.3,HPDP
34,SWIFT J1322.2-1641,MCG-3-34-64,13:22:24.456,-16:43:42.960,0.016,43.2,Sy1.9,23.8,4907.67,81.65,HPDP,4238.88,108.02,HPDP,2981.59,60.92,HPDP,1109.34,41.59,Ext.,445.14,39.85,Ext.,138.7,13.5,HPDP
35,SWIFT J0947.6-3057,MCG-5-23-16,09:47:40.152,-30:56:56.040,0.008,43.5,Sy1.9,22.18,1463.42,24.43,HPDP,0.0,0.0,N/A,444.96,207.36,HPDP,136.9,14.1,HPDP,57.1,11.6,HPDP,0.0,0.0,N/A
36,SWIFT J1335.8-3416,MCG-6-30-15,13:35:53.784,-34:17:44.160,0.007,42.8,Sy1.9,20.85,1177.27,20.6,HPDP,0.0,0.0,N/A,734.22,198.38,HPDP,244.2,11.7,HPDP,95.6,14.8,HPDP,0.0,0.0,N/A
37,SWIFT J0300.1+3674,Mrk 1066,02:59:58.584,+36:49:14.160,0.012,42.5,Sy2,,11861.34,214.01,HPDP,11891.23,215.86,HPDP,7848.65,150.21,HPDP,3047.5,38.6,HPDP,1265.5,29.1,HPDP,326.12,25.49,Ext.
38,SWIFT J1344.7+5588,Mrk 273,13:44:42.120,+55:53:12.480,0.037,43.2,Sy2,,24697.31,412.91,HPDP,22529.92,436.89,HPDP,12759.0,188.18,HPDP,4509.0,52.4,HPDP,1616.7,30.8,HPDP,507.2,22.0,HPDP
39,SWIFT J0747.5+6057,Mrk10,07:47:29.136,+60:56:00.600,0.029,43.4,Sy1.5,20.53,752.54,52.65,Ext.,0.0,0.0,N/A,1997.79,110.46,Ext.,1318.46,49.91,Ext.,702.1,33.68,Ext.,279.25,29.83,Ext.
40,SWIFT J0206.2-0019,Mrk1018,02:06:15.984,-00:17:29.040,0.042,44.0,Sy1.2,20.0,77.32,8.3,HPDP,0.0,0.0,N/A,108.42,40.62,Ext.,202.71,26.61,Ext.,146.67,21.59,Ext.,0.0,0.0,N/A
41,SWIFT J0925.0+5218,Mrk110,09:25:12.864,+52:17:10.680,0.035,44.2,Sy1.5,20.0,102.41,4.94,HPDP,110.03,23.36,Ext.,104.98,10.3,HPDP,0.0,0.0,N/A,0.0,0.0,N/A,0.0,0.0,N/A
42,SWIFT J0804.2+0507,Mrk1210,08:04:05.856,+05:06:49.680,0.013,43.3,Sy1.9,23.4,1487.92,26.3,HPDP,1135.12,33.5,HPDP,833.92,40.27,Ext.,337.42,23.78,Ext.,142.59,16.4,Ext.,0.0,0.0,N/A
43,SWIFT J1506.7+0353A,Mrk1392,15:05:56.640,+03:42:25.200,0.036,43.7,Sy1.5,20.0,305.6,14.14,HPDP,0.0,0.0,N/A,816.88,85.99,Ext.,561.92,26.9,Ext.,222.6,22.88,Ext.,108.3,16.6,HPDP
44,SWIFT J0902.0+6007,Mrk18,09:01:58.320,+60:09:07.200,0.011,42.6,Sy1.9,23.08,2397.64,52.47,HPDP,0.0,0.0,N/A,2200.01,209.44,HPDP,809.0,16.5,HPDP,336.9,15.0,HPDP,128.8,16.7,HPDP
45,SWIFT J1535.9+5751,Mrk290,15:35:52.368,+57:54:09.360,0.029,43.6,Sy1.5,20.0,170.38,4.82,HPDP,167.96,4.86,HPDP,127.2,23.19,Ext.,50.8,11.2,HPDP,0.0,0.0,N/A,0.0,0.0,N/A
46,SWIFT J0615.8+7101,Mrk3,06:15:36.360,+71:02:15.000,0.013,43.7,Sy1.9,24.06,2966.8,76.61,HPDP,2733.42,89.14,Ext.,2076.72,71.36,Ext.,1254.61,56.79,Ext.,747.55,48.34,Ext.,320.61,32.9,Ext.
47,SWIFT J1049.4+2258,Mrk417,10:49:30.936,+22:57:51.840,0.032,43.9,Sy2,23.9,117.42,9.52,HPDP,0.0,0.0,N/A,144.04,34.93,Ext.,52.9,12.3,HPDP,0.0,0.0,N/A,0.0,0.0,N/A
48,SWIFT J1355.9+1822,Mrk463,13:56:02.880,+18:22:19.560,0.05,43.7,Sy1.9,23.81,0.0,0.0,N/A,0.0,0.0,N/A,0.0,0.0,N/A,475.49,45.99,Ext.,259.1,28.11,Ext.,89.77,21.24,Ext.
49,SWIFT J1441.4+5341,Mrk477,14:40:38.088,+53:30:15.840,0.037,43.6,Sy1.9,23.52,1310.46,24.42,HPDP,0.0,0.0,N/A,750.47,249.16,HPDP,245.2,39.2,HPDP,92.3,21.8,HPDP,0.0,0.0,N/A
50,SWIFT J1223.7+0238,Mrk50,12:23:24.144,+02:40:44.760,0.023,43.4,Sy1,20.0,31.77,8.21,HPDP,0.0,0.0,N/A,146.62,163.19,HPDP,67.85,14.73,Ext.,0.0,0.0,N/A,0.0,0.0,N/A
51,SWIFT J2044.2-1045,Mrk509,20:44:09.744,-10:43:24.600,0.034,44.4,Sy1.2,20.0,1515.77,26.68,HPDP,0.0,0.0,N/A,1166.65,202.57,HPDP,407.0,12.4,HPDP,154.7,13.5,HPDP,50.91,22.24,Ext.
52,SWIFT J2200.9+1032,Mrk520,22:00:41.376,+10:33:07.920,0.026,43.7,Sy1,22.32,5305.51,94.29,HPDP,7008.37,159.28,HPDP,5836.3,102.8,HPDP,0.0,0.0,N/A,0.0,0.0,N/A,0.0,0.0,N/A
53,SWIFT J0214.6-0049,Mrk590,02:14:33.600,-00:46:01.200,0.026,43.2,Sy1.5,20.0,761.12,70.23,Ext.,0.0,0.0,N/A,2059.7,94.79,Ext.,1629.05,62.33,Ext.,690.74,38.98,Ext.,243.39,20.44,Ext.
54,SWIFT J0926.2+1244,Mrk705,09:26:03.288,+12:44:03.480,0.029,43.5,Sy1.2,20.0,691.82,18.92,HPDP,926.81,41.59,Ext.,997.4,46.62,Ext.,412.4,13.9,HPDP,216.69,18.26,Ext.,83.0,13.0,HPDP
55,SWIFT J1504.2+1025,Mrk841,15:04:01.200,+10:26:16.080,0.036,44.0,Sy1.2,20.0,452.04,6.81,HPDP,342.8,7.12,HPDP,175.11,7.71,HPDP,62.54,18.37,Ext.,0.0,0.0,N/A,0.0,0.0,N/A
56,SWIFT J2236.7-1233,Mrk915,22:36:46.512,-12:32:42.720,0.024,43.6,Sy1.9,20.0,427.3,12.25,HPDP,0.0,0.0,N/A,530.01,35.84,Ext.,319.55,23.16,Ext.,162.21,15.65,Ext.,56.0,11.4,HPDP
57,SWIFT J2304.8-0843,Mrk926,23:04:43.464,-08:41:08.520,0.046,44.7,Sy1.5,20.0,510.17,15.73,HPDP,0.0,0.0,N/A,581.33,182.44,HPDP,292.58,19.68,Ext.,0.0,0.0,N/A,0.0,0.0,N/A
58,SWIFT J0650.0+6085,NGC 2273,06:50:08.664,+60:50:44.880,0.006,41.9,Sy2,,6822.39,135.54,HPDP,8233.25,249.86,Ext.,6557.12,202.31,Ext.,3526.01,114.76,Ext.,1893.03,73.23,Ext.,790.46,46.93,Ext.
59,SWIFT J1017.8+7340,NGC 3147,10:16:53.640,+73:24:02.520,0.009,42.2,Sy2,,0.0,0.0,N/A,27067.38,832.57,Ext.,36216.72,1094.43,Ext.,22197.97,669.01,Ext.,9318.01,282.82,Ext.,3153.38,97.4,Ext.
60,SWIFT J0552.2-0727,NGC2110,05:52:11.376,-07:27:22.320,0.007,43.6,Sy2,22.94,4524.0,108.87,HPDP,5653.83,172.44,Ext.,4466.71,141.21,Ext.,1783.26,63.09,Ext.,803.14,39.46,Ext.,275.35,28.4,Ext.
61,SWIFT J0042.9-2332,NGC235A,00:42:52.800,-23:32:27.600,0.022,43.7,Sy1.9,23.5,2221.3,46.46,HPDP,2760.78,74.32,HPDP,2411.91,46.74,HPDP,978.1,17.6,HPDP,359.4,22.3,HPDP,120.7,16.5,HPDP
62,SWIFT J0856.0+7812,NGC2655,08:55:37.728,+78:13:23.160,0.004,41.8,Sy2,23.56,1485.19,55.13,Ext.,0.0,0.0,N/A,3780.54,165.74,Ext.,3620.56,130.55,Ext.,1895.2,89.37,Ext.,718.39,51.81,Ext.
63,SWIFT J0945.6-1420,NGC2992,09:45:42.048,-14:19:35.040,0.007,42.6,Sy1.9,21.72,7584.4,228.99,Ext.,10582.98,319.49,Ext.,9634.67,291.7,Ext.,4607.98,145.56,Ext.,2074.97,73.57,Ext.,722.68,37.74,Ext.
64,SWIFT J1001.7+5543,NGC3079,10:01:57.792,+55:40:47.280,0.003,42.0,Sy2,24.56,62787.22,1892.78,Ext.,104497.33,3137.39,Ext.,104713.92,3148.61,Ext.,48766.07,1465.82,Ext.,20556.37,620.9,Ext.,7304.8,225.69,Ext.
65,SWIFT J0959.5-2248,NGC3081,09:59:29.544,-22:49:34.680,0.008,43.0,Sy2,23.91,2657.71,96.28,Ext.,3926.73,132.9,Ext.,4253.1,154.34,Ext.,2060.92,71.64,Ext.,1154.4,55.33,Ext.,468.16,37.22,Ext.
66,SWIFT J1023.5+1952,NGC3227,10:23:30.576,+19:51:54.360,0.003,42.5,Sy1.5,20.95,10408.74,360.41,Ext.,16031.66,517.7,Ext.,21636.26,657.78,Ext.,11198.84,340.06,Ext.,4744.5,152.88,Ext.,1541.02,59.88,Ext.
67,SWIFT J1048.4-2511,NGC3393,10:48:23.448,-25:09:43.560,0.012,42.9,Sy2,24.4,2648.4,148.85,Ext.,0.0,0.0,N/A,3912.02,194.72,Ext.,2631.75,94.94,Ext.,1167.9,52.67,Ext.,415.31,33.51,Ext.
68,SWIFT J1139.8+3157,NGC3786,11:39:42.480,+31:54:32.400,0.008,42.4,Sy1.9,22.36,2176.33,75.38,Ext.,0.0,0.0,N/A,3263.88,123.76,Ext.,1819.63,136.25,Ext.,845.57,104.59,Ext.,296.5,42.85,Ext.
69,SWIFT J1206.2+5243,NGC4102,12:06:23.112,+52:42:39.240,0.002,41.7,Sy2,24.14,54423.17,990.29,HPDP,0.0,0.0,N/A,48356.71,1452.97,Ext.,19407.24,583.57,Ext.,7815.3,186.2,HPDP,2218.63,70.65,Ext.
70,SWIFT J1210.5+3924,NGC4151,12:10:32.568,+39:24:20.520,0.003,43.1,Sy1.5,22.71,6372.21,214.02,Ext.,6386.47,255.3,Ext.,8258.02,267.44,Ext.,4183.73,147.02,Ext.,1717.09,73.39,Ext.,561.39,40.73,Ext.
71,SWIFT J1219.4+4720,NGC4258,12:18:57.504,+47:18:14.400,0.001,41.1,Sy1.9,23.0,32032.0,1003.22,Ext.,36930.02,1158.89,Ext.,68761.55,2095.53,Ext.,73721.28,2228.86,Ext.,38636.37,1180.41,Ext.,16519.72,539.66,Ext.
72,SWIFT J1225.8+1240,NGC4388,12:25:46.752,+12:39:43.560,0.008,43.6,Sy2,23.52,10547.4,322.74,Ext.,19050.13,585.71,Ext.,17241.83,523.61,Ext.,7454.24,226.48,Ext.,3333.87,122.7,Ext.,1465.47,73.07,Ext.
73,SWIFT J1235.6-3954,NGC4507,12:35:36.624,-39:54:33.480,0.011,43.7,Sy1.9,23.95,3880.14,123.51,Ext.,0.0,0.0,N/A,5207.54,183.81,Ext.,2508.21,86.24,Ext.,1144.78,43.77,Ext.,403.11,28.3,Ext.
74,SWIFT J1304.3-1022,NGC4939,13:04:14.400,-10:20:22.560,0.01,42.8,Sy2,23.29,3387.58,446.11,Ext.,0.0,0.0,N/A,14409.16,522.54,Ext.,9134.39,283.99,Ext.,4467.41,146.34,Ext.,1669.03,75.98,Ext.
75,SWIFT J1304.3-0532,NGC4941,13:04:13.128,-05:33:05.760,0.004,41.8,Sy2,23.91,926.31,18.64,HPDP,4113.46,159.82,Ext.,7437.04,251.29,Ext.,4855.01,158.49,Ext.,2576.33,100.09,Ext.,990.9,57.87,Ext.
76,SWIFT J1338.2+0433,NGC5252,13:38:15.960,+04:32:33.360,0.023,44.0,Sy2,22.43,274.3,26.24,Ext.,0.0,0.0,N/A,533.17,77.0,Ext.,351.31,32.45,Ext.,244.34,52.62,Ext.,72.79,29.6,Ext.
77,SWIFT J0123.8-3504,NGC526A,01:23:54.384,-35:03:55.440,0.019,43.7,Sy2,22.01,224.1,14.24,HPDP,0.0,0.0,N/A,317.4,49.26,Ext.,195.99,22.73,Ext.,132.56,25.28,Ext.,0.0,0.0,N/A
78,SWIFT J1341.9+3537,NGC5273,13:42:08.328,+35:39:15.120,0.003,41.6,Sy1.5,20.59,730.04,16.39,HPDP,827.38,27.98,HPDP,682.52,44.99,Ext.,344.08,24.0,Ext.,173.06,19.62,Ext.,61.98,15.65,Ext.
79,SWIFT J1413.2-0312,NGC5506,14:13:14.856,-03:12:27.000,0.006,43.3,Sy1.9,22.44,8742.5,137.81,HPDP,8121.53,181.52,HPDP,6263.77,196.52,Ext.,2593.23,82.33,Ext.,1099.29,40.37,Ext.,359.91,25.39,Ext.
80,SWIFT J1417.9+2507,NGC5548,14:17:59.544,+25:08:12.480,0.017,43.7,Sy1.5,20.69,1088.84,24.15,HPDP,0.0,0.0,N/A,1367.32,81.47,Ext.,822.46,35.05,Ext.,330.61,22.57,Ext.,81.72,17.59,Ext.
81,SWIFT J1442.5-1715,NGC5728,14:42:23.928,-17:15:11.520,0.009,43.2,Sy1.9,24.14,9810.3,304.15,Ext.,14317.62,434.9,Ext.,13560.22,411.57,Ext.,6426.08,198.83,Ext.,2889.97,97.56,Ext.,989.59,45.73,Ext.
82,SWIFT J1515.0+4205,NGC5899,15:15:03.240,+42:02:59.640,0.008,42.5,Sy2,23.03,5415.5,215.32,Ext.,0.0,0.0,N/A,13660.1,429.34,Ext.,7844.55,240.32,Ext.,3624.73,115.49,Ext.,1280.56,49.12,Ext.
83,SWIFT J1652.9+0223,NGC6240,16:52:58.896,+02:24:03.240,0.024,43.9,Sy1.9,24.25,25705.32,432.73,HPDP,25291.57,591.08,HPDP,17352.44,356.62,HPDP,6042.6,104.1,HPDP,2369.6,61.1,HPDP,823.3,35.4,HPDP
84,SWIFT J1717.1-6249,NGC6300,17:16:59.472,-62:49:14.160,0.003,42.4,Sy2,23.31,21965.1,717.76,Ext.,0.0,0.0,N/A,46698.04,1440.58,Ext.,29146.65,881.61,Ext.,12193.13,372.57,Ext.,4314.37,143.31,Ext.
85,SWIFT J2148.3-3454,NGC7130,21:48:19.512,-34:57:04.320,0.016,43.0,Sy1.9,24.22,17282.83,519.99,Ext.,0.0,0.0,N/A,18991.57,573.03,Ext.,7880.29,238.58,Ext.,3115.5,74.6,HPDP,1077.8,39.0,HPDP
86,SWIFT J2201.9-3152,NGC7172,22:02:01.920,-31:52:11.280,0.008,43.4,Sy2,22.91,7039.36,216.94,Ext.,0.0,0.0,N/A,12467.48,378.47,Ext.,5787.29,176.5,Ext.,2383.79,75.07,Ext.,764.9,34.65,Ext.
87,SWIFT J2303.3+0852,NGC7469,23:03:15.624,+08:52:26.400,0.016,43.6,Sy1.5,20.53,29631.73,570.24,HPDP,32226.92,799.23,HPDP,23237.99,437.32,HPDP,8488.2,127.5,HPDP,3226.2,75.3,HPDP,1045.1,73.0,HPDP
88,SWIFT J2304.9+1220,NGC7479,23:04:56.664,+12:19:22.440,0.007,42.3,Sy1.9,24.16,13687.7,497.71,Ext.,22412.18,702.64,Ext.,30180.8,937.54,Ext.,16603.99,504.3,Ext.,7236.41,225.8,Ext.,2550.63,92.45,Ext.
89,SWIFT J2318.4-4223,NGC7582,23:18:23.496,-42:22:14.160,0.005,42.6,Sy2,24.15,65266.05,1961.67,Ext.,86531.98,2600.04,Ext.,73011.57,2195.44,Ext.,30022.6,904.64,Ext.,11795.95,359.2,Ext.,3726.09,126.51,Ext.
90,SWIFT J2318.9+0013,NGC7603,23:18:56.616,+00:14:38.400,0.029,44.0,Sy1,20.0,1260.55,26.02,HPDP,0.0,0.0,N/A,2346.1,241.63,HPDP,1205.2,19.5,HPDP,560.0,19.4,HPDP,207.8,9.8,HPDP
91,SWIFT J2328.9+0328,NGC7682,23:29:03.888,+03:31:59.880,0.017,43.0,Sy2,24.27,329.07,9.8,HPDP,384.74,13.54,HPDP,1177.68,76.78,Ext.,693.87,61.45,Ext.,489.31,44.28,Ext.,266.15,32.57,Ext.
92,SWIFT J0201.0-0648,NGC788,02:01:06.456,-06:48:55.800,0.013,43.5,Sy2,23.82,523.51,13.7,HPDP,0.0,0.0,N/A,699.01,76.12,Ext.,806.18,43.3,Ext.,378.57,37.63,Ext.,137.09,18.58,Ext.
93,SWIFT J0234.1+3233,NGC973,02:34:20.112,+32:30:20.160,0.016,43.4,Sy2,22.49,0.0,0.0,N/A,3442.95,114.33,Ext.,5227.84,167.76,Ext.,3678.51,119.88,Ext.,1727.84,61.85,Ext.,712.64,38.44,Ext.
94,SWIFT J0234.6-0848,NGC985,02:34:37.776,-08:47:15.360,0.043,44.1,Sy1.5,20.92,1279.18,47.47,Ext.,0.0,0.0,N/A,1936.74,89.06,Ext.,913.33,40.74,Ext.,437.16,35.68,Ext.,143.7,27.5,HPDP
95,SWIFT J1104.8+7689,PG 1100+772,11:04:13.680,+76:58:58.080,0.311,45.2,Sy1,,73.62,5.99,HPDP,67.55,4.35,HPDP,49.38,9.03,HPDP,0.0,0.0,N/A,0.0,0.0,N/A,0.0,0.0,N/A
96,SWIFT J1119.6+2136,PG 1116+215,11:19:08.688,+21:19:18.120,0.176,44.9,Sy1,,85.47,5.84,HPDP,59.3,6.05,HPDP,51.42,10.92,HPDP,0.0,0.0,N/A,0.0,0.0,N/A,0.0,0.0,N/A
97,SWIFT J0054.9+2524,PG0052+251,00:54:52.104,+25:25:37.920,0.155,44.9,Sy1.2,20.0,74.43,4.43,HPDP,109.49,4.63,HPDP,145.89,12.41,HPDP,74.4,14.5,HPDP,40.8,13.2,HPDP,0.0,0.0,N/A
98,SWIFT J0810.9+7602,PG0804+761,08:10:58.560,+76:02:42.000,0.1,44.6,Sy1,20.64,121.23,4.89,HPDP,79.58,4.0,HPDP,40.26,9.68,HPDP,0.0,0.0,N/A,0.0,0.0,N/A,0.0,0.0,N/A
99,SWIFT J1152.1-1122,PG1149-110,11:52:03.552,-11:22:24.240,0.049,43.9,Sy1.2,20.79,231.45,5.71,HPDP,266.48,25.74,Ext.,271.52,13.28,HPDP,146.6,14.1,HPDP,76.5,12.2,HPDP,0.0,0.0,N/A
100,SWIFT J1204.8+2758,PG1202+282,12:04:42.096,+27:54:11.880,0.165,44.8,Sy1.5,20.0,112.1,5.55,HPDP,100.08,5.52,HPDP,73.22,14.34,HPDP,0.0,0.0,N/A,0.0,0.0,N/A,0.0,0.0,N/A
101,SWIFT J2359.3-6058,PKS2356-61,23:59:04.368,-60:54:59.400,0.096,44.6,Sy2,23.16,0.0,0.0,N/A,79.93,3.6,HPDP,52.19,8.65,HPDP,29.8,9.4,HPDP,0.0,0.0,N/A,0.0,0.0,N/A
102,SWIFT J1238.6+0928,SDSSJ123843.43+092736.6,12:38:43.440,+09:27:36.720,0.082,44.3,Sy2,23.6,132.96,6.22,HPDP,122.72,3.96,HPDP,116.42,10.78,HPDP,52.8,13.3,HPDP,0.0,0.0,N/A,0.0,0.0,N/A
103,SWIFT J2240.2+0801,UGC12138,22:40:17.040,+08:03:14.040,0.025,43.4,Sy1.5,20.0,914.91,21.25,HPDP,0.0,0.0,N/A,891.72,83.68,Ext.,496.54,29.93,Ext.,195.18,19.33,Ext.,77.5,20.27,Ext.
104,SWIFT J2341.8+3033,UGC12741,23:41:55.464,+30:34:54.480,0.017,43.1,Sy2,23.82,384.58,15.52,HPDP,0.0,0.0,N/A,880.76,66.94,Ext.,525.83,27.73,Ext.,259.88,18.35,Ext.,106.37,16.59,Ext.
105,SWIFT J0630.7+6342,UGC3478,06:32:47.160,+63:40:25.320,0.012,42.4,Sy1.2,21.18,1470.84,55.85,Ext.,0.0,0.0,N/A,3724.4,162.52,Ext.,2097.58,71.12,Ext.,966.5,36.72,Ext.,354.13,22.15,Ext.
106,SWIFT J0655.8+3957,UGC3601,06:55:49.536,+40:00:00.720,0.017,43.0,Sy1.9,21.4,379.6,14.47,HPDP,0.0,0.0,N/A,599.33,202.84,HPDP,313.11,22.75,Ext.,143.02,20.35,Ext.,47.2,10.7,HPDP
107,SWIFT J0935.9+6120,UGC5101,09:35:51.648,+61:21:11.160,0.039,43.4,Sy1.9,24.28,15435.64,224.92,HPDP,0.0,0.0,N/A,15250.53,314.32,HPDP,6528.8,68.4,HPDP,2560.1,50.9,HPDP,810.4,28.3,HPDP
108,SWIFT J1204.9+3105,UGC7064,12:04:43.344,+31:10:38.280,0.025,43.2,Sy1.9,22.59,1459.04,51.33,Ext.,0.0,0.0,N/A,2517.27,97.75,Ext.,1185.32,61.66,Ext.,549.79,61.15,Ext.,198.6,42.7,HPDP
109,SWIFT J0800.5+2327,Z118-36,07:59:53.472,+23:23:24.360,0.029,43.7,Sy1.9,22.22,1857.35,62.87,Ext.,0.0,0.0,N/A,4062.07,158.47,HPDP,1989.5,32.0,HPDP,889.8,24.6,HPDP,340.9,23.2,HPDP
110,SWIFT J0923.7+2255,Z121-75,09:23:43.008,+22:54:32.400,0.032,43.9,Sy1.2,20.0,147.48,23.69,Ext.,0.0,0.0,N/A,350.79,75.45,Ext.,376.38,25.78,Ext.,159.85,14.11,Ext.,58.38,6.75,Ext.
111,SWIFT J1200.8+0650,Z41-20,12:00:57.912,+06:48:23.040,0.036,43.8,Sy2,22.9,540.11,12.44,HPDP,0.0,0.0,N/A,908.66,180.15,HPDP,443.6,13.3,HPDP,193.3,11.7,HPDP,63.0,12.5,HPDP
112,SWIFT J0453.4+0404,Z420-15,04:53:25.752,+04:03:41.760,0.029,43.7,Sy2,24.08,641.1,13.5,HPDP,0.0,0.0,N/A,614.15,210.49,HPDP,302.15,28.57,Ext.,213.13,20.86,Ext.,81.7,17.46,Ext.
